<?xml version="1.0" encoding="UTF-8"?>
<project-private xmlns="http://www.netbeans.org/ns/project-private/1">
    <editor-bookmarks xmlns="http://www.netbeans.org/ns/editor-bookmarks/2" lastBookmarkId="0"/>
    <open-files xmlns="http://www.netbeans.org/ns/projectui-open-files/2">
        <group>
            <file>file:/C:/Users/spark/Documents/NetBeansProjects/TowerDefenseGame/src/resources/tower.png</file>
            <file>file:/C:/Users/spark/Documents/NetBeansProjects/TowerDefenseGame/src/resources/enemy.png</file>
            <file>file:/C:/Users/spark/Documents/NetBeansProjects/TowerDefenseGame/src/entitati/Tower.java</file>
            <file>file:/C:/Users/spark/Documents/NetBeansProjects/TowerDefenseGame/src/resources/sounds.java</file>
            <file>file:/C:/Users/spark/Documents/NetBeansProjects/TowerDefenseGame/src/entitati/Enemy.java</file>
            <file>file:/C:/Users/spark/Documents/NetBeansProjects/TowerDefenseGame/src/entitati/Proiectil.java</file>
            <file>file:/C:/Users/spark/Documents/NetBeansProjects/TowerDefenseGame/src/Game/TowerDefenseGame.java</file>
        </group>
    </open-files>
</project-private>
